,Genero,Respuesta,Valor,Porcentaje
0,Femenino,No,1194,0.37300843486410495
1,Femenino,Sí,2007,0.626991565135895
2,Masculino,No,482,0.16338983050847458
3,Masculino,Sí,2468,0.8366101694915254
